{
  "size": 5,
  "query": {
    "script_score": {
      "query": { "match_all": {} },
      "script": {
        "source": "cosineSimilarity(params.q, 'job_embedding') + 1.0",
        "params": {
          "q": [-0.12100645154714584, 0.0455949530005455, 0.012352917343378067, -0.01846456155180931, 0.005242195911705494, -0.013905417174100876, 0.02481195516884327, -0.028487425297498703, -0.05669809877872467, 0.06603997200727463, 0.04658704251050949, -0.028083976358175278, -0.021526163443922997, 0.028275098651647568, 0.008349066600203514, -0.040001146495342255, -0.02634250558912754, 0.04498574510216713, -0.05476122722029686, 0.03545880317687988, 0.06522423028945923, -0.0823742002248764, 0.007836640812456608, -0.10040802508592606, 0.031874850392341614, 0.009583334438502789, 0.061579734086990356, 0.09224353730678558, -0.055833131074905396, -0.09206371754407883, 0.0022510455455631018, 0.018243931233882904, 0.06639944761991501, -0.044246476143598557, 0.10148385912179947, 0.018873289227485657, -0.030557706952095032, 0.050804972648620605, -0.005074096377938986, 0.070949986577034, -0.0073045301251113415, -0.053284887224435806, 0.025993725284934044, -0.0683164894580841, 0.0007702578441239893, -0.04836471006274223, -0.00540357967838645, -0.05106671527028084, 0.03327542915940285, -0.02397104538977146, 0.000985626713372767, 0.024294927716255188, 0.0460529588162899, 0.013925382867455482, 0.04390658438205719, 0.045867495238780975, 0.07551253587007523, 0.08196645230054855, 0.07633969932794571, 0.07667391002178192, 0.05796701833605766, -0.014029846526682377, -0.11469026654958725, 0.10065705329179764, 0.035350166261196136, 0.026916295289993286, -0.08377112448215485, 0.029118603095412254, -0.02311514876782894, -0.027978181838989258, -0.02682493068277836, 0.04684038087725639, -0.03817502036690712, 0.06418656557798386, -0.018122265115380287, 0.07424571365118027, 0.016727285459637642, 0.11247879266738892, -0.010134529322385788, 0.002737396629527211, 0.013386919163167477, -0.04434048384428024, -0.0705379843711853, 0.02486799657344818, -0.01486610434949398, -0.001545801991596818, 0.021173924207687378, -0.043197207152843475, 0.05213332176208496, -0.04731914773583412, -0.031129131093621254, -0.03257112577557564, 0.008598855696618557, -0.03157724067568779, -0.030753672122955322, -0.05227102339267731, 0.08680504560470581, 0.023178832605481148, -0.04037173092365265, 0.12411004304885864, -0.0003329421451780945, 0.0010782742174342275, -0.016097480431199074, -0.07215981930494308, 0.00747699337080121, 0.0009156236192211509, 0.0018042610026896, -0.017131632193922997, 0.011837800033390522, -0.03788476809859276, -0.017904961481690407, -0.015265215188264847, -0.014819649048149586, -0.009039568714797497, 0.06838897615671158, 0.022580822929739952, -0.07685018330812454, -0.07643762975931168, -0.05521555244922638, 0.02818170003592968, 0.03980078175663948, 0.00709263002499938, 0.022956887260079384, -0.04612831398844719, 0.0336146242916584, -0.02723553404211998, 0.02266969531774521, 0.09606152027845383, 0.059255972504615784, -0.005454998463392258, 0.10176721215248108, -0.03162684664130211, -0.019779818132519722, 0.01332684513181448, -0.049027081578969955, -0.012908837758004665, -0.034419916570186615, -0.032846849411726, 0.021897902712225914, -0.008752766996622086, -0.08368192613124847, -0.08070270717144012, 0.010582583025097847, -0.08607923984527588, -0.0026771617121994495, 0.08119041472673416, -0.08392117917537689, 0.050681378692388535, -0.08650753647089005, -0.026060838252305984, -0.060427360236644745, 0.043333180248737335, 0.06919421255588531, -0.027104686945676804, -0.004741721786558628, 0.025765854865312576, 0.03603342920541763, 0.009423267096281052, -0.04978187382221222, -0.047942906618118286, -0.056973814964294434, -0.08991891145706177, -0.012851815670728683, 0.087640680372715, -0.01035811472684145, -0.13836611807346344, 0.03851426765322685, 0.025719815865159035, 0.04512669891119003, -0.06457898765802383, 0.02399977296590805, -0.0032219327986240387, 0.050542064011096954, -0.02679956704378128, 0.11130586266517639, -0.005624186247587204, -0.016637900844216347, -0.015083436854183674, 0.07034862786531448, -0.047075290232896805, 0.10725118964910507, -0.013184767216444016, 0.010215716436505318, 0.022024087607860565, 0.04734884575009346, -0.03577105328440666, -0.028626326471567154, -0.021515222266316414, 0.0012363583082333207, -0.06298501789569855, -0.08785274624824524, 0.04030713066458702, -0.07236649841070175, 0.021428074687719345, 0.05782833322882652, 0.013617045246064663, -0.007377576548606157, -0.00568038783967495, 0.004273644648492336, -0.0070488289929926395, 0.08951936662197113, 0.11045818775892258, -0.01605246774852276, -0.01808754727244377, -0.08251740783452988, 0.030581310391426086, 0.000894048367626965, -0.03845695033669472, 0.014844811521470547, -0.021626515313982964, -0.05254219472408295, -0.024712741374969482, 0.0295289047062397, -0.06542078405618668, -0.004303464200347662, -0.09860124439001083, 0.0017254083650186658, 0.0328923836350441, 0.05021657794713974, -0.04113619402050972, 0.05668049678206444, -0.08412796258926392, -0.04003459960222244, -0.16220524907112122, -0.01816575787961483, -0.051242440938949585, -0.028383951634168625, 0.0040583498775959015, -0.04653044790029526, -0.0007293384987860918, 0.06471607089042664, -0.032008394598960876, 0.015196412801742554, 0.08731910586357117, -0.00507779885083437, -0.04047334939241409, 0.023316124454140663, 0.0064445845782756805, 0.08212379366159439, -0.008260997012257576, -0.018487652763724327, 0.045558854937553406, -0.033242471516132355, -0.010354685597121716, -0.07779236137866974, -0.07803001254796982, -0.07492625713348389, -0.00821478571742773, -0.07774769514799118, 0.1093532145023346, 0.07654111832380295, 0.034840479493141174, -0.03216738998889923, 0.004291461780667305, -0.0005697993328794837, 0.0230804905295372, -0.11165028810501099, 0.06034000590443611, -0.01706070639193058, -0.008102213963866234, 0.06196611002087593, 0.015412189066410065, -0.04236213490366936, 0.08165501058101654, 0.027946194633841515, 0.03734144568443298, -0.08597444742918015, 0.05230642482638359, -0.02617761865258217, -0.03508275747299194, -0.008788957260549068, -0.02878042496740818, 0.026323290541768074, 0.006760492455214262, -0.05144505202770233, 0.052200887352228165, 0.001256780349649489, -0.09961920231580734, -0.04775463044643402, -0.07525253295898438, 0.08430738747119904, -0.03994366154074669, 0.023533187806606293, -0.023995976895093918, -0.023801658302545547, 0.012583952397108078, 0.058494556695222855, -0.03133057430386543, -0.017683666199445724, -0.026839882135391235, -0.021557312458753586, -0.007669434417039156, -0.054432645440101624, 0.005365864373743534, 0.09573373198509216, -0.052023764699697495, 0.045949406921863556, 0.021001802757382393, 0.0363229475915432, 0.03031150810420513, -0.02971312776207924, -0.033949218690395355, -0.030209245160222054, 0.00033412902848795056, -0.07040125876665115, -0.02126978524029255, 0.09078717231750488, 0.03092268295586109, -0.03982090577483177, -0.029568366706371307, -0.03133237361907959, 0.016854166984558105, -0.06427790224552155, 0.021064233034849167, -0.03614003583788872, 0.05984964966773987, 0.05152565613389015, 0.05556067079305649, -0.0039331200532615185, -0.16157089173793793, -0.03291509300470352, -0.020008854568004608, 0.003385209711268544, -0.010132892057299614, 0.02547098509967327, 0.05179737135767937, -0.03547028824687004, -0.08089718967676163, -0.05138083174824715, 0.020944446325302124, 0.01036906149238348, 0.046958163380622864, -0.016962315887212753, -0.03370935469865799, 0.07228513807058334, 0.05585651472210884, -0.010263907723128796, 0.02626580186188221, -0.07770807296037674, 0.03998495638370514, 0.01138458214700222, 0.13656926155090332, 0.0020496686920523643, 0.006556857377290726, 0.05648588389158249, 0.01817976124584675, 0.06076806038618088, 0.023859603330492973, 0.003236935008317232, 0.003866994520649314, -0.05084726959466934, 0.0947953313589096, 0.013290554285049438, 0.06633548438549042, 